[{
        "id": "nebulas",
        "name": "Nebulas",
        "symbol": "NAS",
        "decimals": 18,
        "blockchain": "Nebulas",
        "derivationPath": "m/44'/2718'/0'/0/0",
        "curve": "secp256k1",
        "publicKeyType": "secp256k1Extended",
        "explorer": {
            "url": "https://explorer.nebulas.io",
            "txPath": "/#/tx/",
            "accountPath": "/#/address/"
        },
        "info": {
            "url": "https://nebulas.io",
            "client": "https://github.com/nebulasio/go-nebulas",
            "clientPublic": "https://mainnet.nebulas.io",
            "clientDocs": "https://wiki.nebulas.io/en/latest/dapp-development/rpc/rpc.html"
        }
    },
    {
        "id": "ethereum",
        "name": "Ethereum",
        "symbol": "ETH",
        "decimals": 18,
        "blockchain": "Ethereum",
        "derivationPath": "m/44'/60'/0'/0/0",
        "curve": "secp256k1",
        "publicKeyType": "secp256k1Extended",
        "explorer": {
            "url": "https://etherscan.io",
            "txPath": "/tx/",
            "accountPath": "/address/",
            "sampleTx": "0x9edaf0f7d9c6629c31bbf0471fc07d696c73b566b93783f7e25d8d5d2b62fa4f",
            "sampleAccount": "0x5bb497e8d9fe26e92dd1be01e32076c8e024d167"
        },
        "info": {
            "url": "https://ethereum.org",
            "client": "https://github.com/ethereum/go-ethereum",
            "clientPublic": "https://mainnet.infura.io",
            "clientDocs": "https://github.com/ethereum/wiki/wiki/JSON-RPC"
        }
    },
    {
        "id": "bitcoin",
        "name": "Bitcoin",
        "symbol": "BTC",
        "decimals": 8,
        "blockchain": "Bitcoin",
        "derivationPath": "m/84'/0'/0'/0/0",
        "curve": "secp256k1",
        "publicKeyType": "secp256k1",
        "p2pkhPrefix": 0,
        "p2shPrefix": 5,
        "hrp": "bc",
        "publicKeyHasher": "sha256ripemd",
        "base58Hasher": "sha256d",
        "xpub": "zpub",
        "xprv": "zprv",
        "explorer": {
            "url": "https://blockchair.com",
            "txPath": "/bitcoin/transaction/",
            "accountPath": "/bitcoin/address/",
            "sampleTx": "0607f62530b68cfcc91c57a1702841dd399a899d0eecda8e31ecca3f52f01df2",
            "sampleAccount": "17A16QmavnUfCW11DAApiJxp7ARnxN5pGX"
        },
        "info": {
            "url": "https://bitcoin.org",
            "client": "https://github.com/trezor/blockbook",
            "clientPublic": "",
            "clientDocs": "https://github.com/trezor/blockbook/blob/master/docs/api.md"
        }
    },
    {
        "id": "bitcoincash",
        "name": "Bitcoin Cash",
        "symbol": "BCH",
        "decimals": 8,
        "blockchain": "Bitcoin",
        "derivationPath": "m/44'/145'/0'/0/0",
        "curve": "secp256k1",
        "publicKeyType": "secp256k1",
        "p2pkhPrefix": 0,
        "p2shPrefix": 5,
        "hrp": "bitcoincash",
        "publicKeyHasher": "sha256ripemd",
        "base58Hasher": "sha256d",
        "xpub": "xpub",
        "xprv": "xprv",
        "explorer": {
            "url": "https://blockchair.com",
            "txPath": "/bitcoin-cash/transaction/",
            "accountPath": "/bitcoin-cash/address/"
        },
        "info": {
            "url": "https://bitcoincash.org",
            "client": "https://github.com/trezor/blockbook",
            "clientPublic": "",
            "clientDocs": "https://github.com/trezor/blockbook/blob/master/docs/api.md"
        }
    },
    {
        "id": "callisto",
        "name": "Callisto",
        "symbol": "CLO",
        "decimals": 18,
        "blockchain": "Ethereum",
        "derivationPath": "m/44'/820'/0'/0/0",
        "curve": "secp256k1",
        "publicKeyType": "secp256k1Extended",
        "explorer": {
            "url": "https://explorer2.callisto.network",
            "txPath": "/tx/",
            "accountPath": "/addr/"
        },
        "info": {
            "url": "https://callisto.network",
            "client": "https://github.com/EthereumCommonwealth/go-callisto",
            "clientPublic": "https://clo-geth.0xinfra.com",
            "clientDocs": "https://github.com/ethereum/wiki/wiki/JSON-RPC"
        }
    },
    {
        "id": "dash",
        "name": "Dash",
        "symbol": "DASH",
        "decimals": 8,
        "blockchain": "Bitcoin",
        "derivationPath": "m/44'/5'/0'/0/0",
        "curve": "secp256k1",
        "publicKeyType": "secp256k1",
        "p2pkhPrefix": 76,
        "p2shPrefix": 16,
        "publicKeyHasher": "sha256ripemd",
        "base58Hasher": "sha256d",
        "xpub": "xpub",
        "xprv": "xprv",
        "explorer": {
            "url": "https://blockchair.com",
            "txPath": "/dash/transaction/",
            "accountPath": "/dash/address/"
        },
        "info": {
            "url": "https://dash.org",
            "client": "https://github.com/trezor/blockbook",
            "clientPublic": "",
            "clientDocs": "https://github.com/trezor/blockbook/blob/master/docs/api.md"
        }
    },
    {
        "id": "decred",
        "name": "Decred",
        "symbol": "DCR",
        "decimals": 8,
        "blockchain": "Bitcoin",
        "derivationPath": "m/44'/42'/0'/0/0",
        "curve": "secp256k1",
        "publicKeyType": "secp256k1",
        "staticPrefix": 7,
        "p2pkhPrefix": 63,
        "p2shPrefix": 26,
        "publicKeyHasher": "blake256ripemd",
        "base58Hasher": "blake256d",
        "xpub": "dpub",
        "xprv": "dprv",
        "explorer": {
            "url": "https://dcrdata.decred.org",
            "txPath": "/tx/",
            "accountPath": "/address/"
        },
        "info": {
            "url": "https://decred.org",
            "client": "https://github.com/trezor/blockbook",
            "clientPublic": "",
            "clientDocs": "https://github.com/trezor/blockbook/blob/master/docs/api.md"
        }
    },
    {
        "id": "digibyte",
        "name": "DigiByte",
        "symbol": "DGB",
        "decimals": 8,
        "blockchain": "Bitcoin",
        "derivationPath": "m/84'/20'/0'/0/0",
        "curve": "secp256k1",
        "publicKeyType": "secp256k1",
        "p2pkhPrefix": 30,
        "p2shPrefix": 63,
        "hrp": "dgb",
        "publicKeyHasher": "sha256ripemd",
        "base58Hasher": "sha256d",
        "xpub": "zpub",
        "xprv": "zprv",
        "explorer": {
            "url": "https://digiexplorer.info",
            "txPath": "/tx/",
            "accountPath": "/address/"
        },
        "info": {
            "url": "https://www.digibyte.io",
            "client": "https://github.com/trezor/blockbook",
            "clientPublic": "",
            "clientDocs": "https://github.com/trezor/blockbook/blob/master/docs/api.md"
        }
    },
    {
        "id": "doge",
        "name": "Dogecoin",
        "symbol": "DOGE",
        "decimals": 8,
        "blockchain": "Bitcoin",
        "derivationPath": "m/44'/3'/0'/0/0",
        "curve": "secp256k1",
        "publicKeyType": "secp256k1",
        "p2pkhPrefix": 30,
        "p2shPrefix": 22,
        "publicKeyHasher": "sha256ripemd",
        "base58Hasher": "sha256d",
        "xpub": "dgub",
        "xprv": "dgpv",
        "explorer": {
            "url": "https://blockchair.com",
            "txPath": "/dogecoin/transaction/",
            "accountPath": "/dogecoin/address/"
        },
        "info": {
            "url": "https://dogecoin.com",
            "client": "https://github.com/trezor/blockbook",
            "clientPublic": "",
            "clientDocs": "https://github.com/trezor/blockbook/blob/master/docs/api.md"
        }
    },
    {
        "id": "classic",
        "name": "Ethereum Classic",
        "symbol": "ETC",
        "decimals": 18,
        "blockchain": "Ethereum",
        "derivationPath": "m/44'/61'/0'/0/0",
        "curve": "secp256k1",
        "publicKeyType": "secp256k1Extended",
        "explorer": {
            "url": "https://blockscout.com/etc/mainnet",
            "txPath": "/tx/",
            "accountPath": "/address/"
        },
        "info": {
            "url": "https://ethereumclassic.org",
            "client": "https://github.com/ethereumclassic/go-ethereum",
            "clientPublic": "https://www.ethercluster.com/etc",
            "clientDocs": "https://github.com/ethereum/wiki/wiki/JSON-RPC"
        }
    },
    {
        "id": "gochain",
        "name": "GoChain",
        "symbol": "GO",
        "decimals": 18,
        "blockchain": "Ethereum",
        "derivationPath": "m/44'/6060'/0'/0/0",
        "curve": "secp256k1",
        "publicKeyType": "secp256k1Extended",
        "explorer": {
            "url": "https://explorer.gochain.io",
            "txPath": "/tx/",
            "accountPath": "/addr/"
        },
        "info": {
            "url": "https://gochain.io",
            "client": "https://github.com/gochain-io/gochain",
            "clientPublic": "https://rpc.gochain.io",
            "clientDocs": "https://github.com/ethereum/wiki/wiki/JSON-RPC"
        }
    },
    {
        "id": "groestlcoin",
        "name": "Groestlcoin",
        "symbol": "GRS",
        "decimals": 8,
        "blockchain": "Bitcoin",
        "derivationPath": "m/84'/17'/0'/0/0",
        "curve": "secp256k1",
        "publicKeyType": "secp256k1",
        "p2pkhPrefix": 36,
        "p2shPrefix": 5,
        "hrp": "grs",
        "publicKeyHasher": "sha256ripemd",
        "base58Hasher": "groestl512d",
        "xpub": "zpub",
        "xprv": "zprv",
        "explorer": {
            "url": "https://blockchair.com",
            "txPath": "/groestlcoin/transaction/",
            "accountPath": "/groestlcoin/address/"
        },
        "info": {
            "url": "https://www.groestlcoin.org",
            "client": "https://github.com/trezor/blockbook",
            "clientPublic": "",
            "clientDocs": "https://github.com/trezor/blockbook/blob/master/docs/api.md"
        }
    },
    {
        "id": "icon",
        "name": "ICON",
        "symbol": "ICX",
        "decimals": 18,
        "blockchain": "Icon",
        "derivationPath": "m/44'/74'/0'/0/0",
        "curve": "secp256k1",
        "publicKeyType": "secp256k1Extended",
        "explorer": {
            "url": "https://tracker.icon.foundation",
            "txPath": "/transaction/",
            "accountPath": "/address/"
        },
        "info": {
            "url": "https://icon.foundation",
            "client": "https://github.com/icon-project/icon-rpc-server",
            "clientPublic": "http://ctz.icxstation.com:9000/api/v3",
            "clientDocs": "https://www.icondev.io/docs/icon-json-rpc-v3"
        }
    },
    {
        "id": "litecoin",
        "name": "Litecoin",
        "symbol": "LTC",
        "decimals": 8,
        "blockchain": "Bitcoin",
        "derivationPath": "m/84'/2'/0'/0/0",
        "curve": "secp256k1",
        "publicKeyType": "secp256k1",
        "p2pkhPrefix": 48,
        "p2shPrefix": 50,
        "hrp": "ltc",
        "publicKeyHasher": "sha256ripemd",
        "base58Hasher": "sha256d",
        "xpub": "zpub",
        "xprv": "zprv",
        "explorer": {
            "url": "https://blockchair.com",
            "txPath": "/litecoin/transaction/",
            "accountPath": "/litecoin/address/"
        },
        "info": {
            "url": "https://litecoin.org",
            "client": "https://github.com/trezor/blockbook",
            "clientPublic": "",
            "clientDocs": "https://github.com/trezor/blockbook/blob/master/docs/api.md"
        }
    },
    {
        "id": "ontology",
        "name": "Ontology",
        "symbol": "ONT",
        "decimals": 0,
        "blockchain": "Ontology",
        "derivationPath": "m/44'/1024'/0'/0/0",
        "curve": "nist256p1",
        "publicKeyType": "nist256p1",
        "explorer": {
            "url": "https://explorer.ont.io",
            "txPath": "/transaction/",
            "accountPath": "/address/"
        },
        "info": {
            "url": "https://ont.io",
            "client": "https://github.com/ontio/ontology",
            "clientPublic": "http://dappnode1.ont.io:20336",
            "clientDocs": "https://github.com/ontio/ontology/blob/master/docs/specifications/rpc_api.md"
        }
    },
    {
        "id": "viacoin",
        "name": "Viacoin",
        "symbol": "VIA",
        "decimals": 8,
        "blockchain": "Bitcoin",
        "derivationPath": "m/84'/14'/0'/0/0",
        "curve": "secp256k1",
        "publicKeyType": "secp256k1",
        "p2pkhPrefix": 71,
        "p2shPrefix": 33,
        "hrp": "via",
        "publicKeyHasher": "sha256ripemd",
        "base58Hasher": "sha256d",
        "xpub": "zpub",
        "xprv": "zprv",
        "explorer": {
            "url": "https://explorer.viacoin.org",
            "txPath": "/tx/",
            "accountPath": "/address/"
        },
        "info": {
            "url": "https://viacoin.org",
            "client": "https://github.com/trezor/blockbook",
            "clientPublic": "",
            "clientDocs": "https://github.com/trezor/blockbook/blob/master/docs/api.md"
        }
    },
    {
        "id": "poa",
        "name": "POA Network",
        "symbol": "POA",
        "decimals": 18,
        "blockchain": "Ethereum",
        "derivationPath": "m/44'/178'/0'/0/0",
        "curve": "secp256k1",
        "publicKeyType": "secp256k1Extended",
        "explorer": {
            "url": "https://blockscout.com",
            "txPath": "/poa/core/tx/",
            "accountPath": "/poa/core/address/"
        },
        "info": {
            "url": "https://poa.network",
            "client": "https://github.com/poanetwork/parity-ethereum",
            "clientPublic": "https://core.poa.network",
            "clientDocs": "https://github.com/ethereum/wiki/wiki/JSON-RPC"
        }
    },
    {
        "id": "thundertoken",
        "name": "Thunder Token",
        "symbol": "TT",
        "decimals": 18,
        "blockchain": "Ethereum",
        "derivationPath": "m/44'/1001'/0'/0/0",
        "curve": "secp256k1",
        "publicKeyType": "secp256k1Extended",
        "explorer": {
            "url": "https://scan.thundercore.com",
            "txPath": "/transactions/",
            "accountPath": "/address/"
        },
        "info": {
            "url": "https://thundercore.com",
            "client": "https://github.com/thundercore/pala",
            "clientPublic": "https://mainnet-rpc.thundercore.com",
            "clientDocs": "https://github.com/ethereum/wiki/wiki/JSON-RPC"
        }
    },
    {
        "id": "tomochain",
        "name": "TomoChain",
        "symbol": "TOMO",
        "decimals": 18,
        "blockchain": "Ethereum",
        "derivationPath": "m/44'/889'/0'/0/0",
        "curve": "secp256k1",
        "publicKeyType": "secp256k1Extended",
        "explorer": {
            "url": "https://scan.tomochain.com",
            "txPath": "/txs/",
            "accountPath": "/address/"
        },
        "info": {
            "url": "https://tomochain.com",
            "client": "https://github.com/tomochain/tomochain",
            "clientPublic": "https://rpc.tomochain.com",
            "clientDocs": "https://github.com/ethereum/wiki/wiki/JSON-RPC"
        }
    },
    {
        "id": "tron",
        "name": "Tron",
        "symbol": "TRX",
        "decimals": 6,
        "blockchain": "Tron",
        "derivationPath": "m/44'/195'/0'/0/0",
        "curve": "secp256k1",
        "publicKeyType": "secp256k1Extended",
        "explorer": {
            "url": "https://tronscan.org",
            "txPath": "/#/transaction/",
            "accountPath": "/#/address/"
        },
        "info": {
            "url": "https://tron.network",
            "client": "https://github.com/tronprotocol/java-tron",
            "clientPublic": "https://api.trongrid.io",
            "clientDocs": "https://developers.tron.network/docs/tron-wallet-rpc-api"
        }
    },
    {
        "id": "vechain",
        "name": "VeChain",
        "symbol": "VET",
        "decimals": 18,
        "blockchain": "Vechain",
        "derivationPath": "m/44'/818'/0'/0/0",
        "curve": "secp256k1",
        "publicKeyType": "secp256k1Extended",
        "explorer": {
            "url": "https://insight.vecha.in",
            "txPath": "/#/main/txs/",
            "accountPath": "/#/main/accounts/"
        },
        "info": {
            "url": "https://vechain.org",
            "client": "https://github.com/vechain/thor",
            "clientPublic": "",
            "clientDocs": "https://doc.vechainworld.io/docs"
        }
    },
    {
        "id": "wanchain",
        "name": "Wanchain",
        "symbol": "WAN",
        "decimals": 18,
        "blockchain": "Wanchain",
        "derivationPath": "m/44'/5718350'/0'/0/0",
        "curve": "secp256k1",
        "publicKeyType": "secp256k1Extended",
        "explorer": {
            "url": "https://www.wanscan.org",
            "txPath": "/tx/",
            "accountPath": "/address/",
            "sampleTx": "0x180ea96a3218b82b9b35d796823266d8a425c182507adfe5eeffc96e6a14d856",
            "sampleAccount": "0x69b492d57BB777E97AA7044d0575228434E2e8b1"
        },
        "info": {
            "url": "https://wanchain.org",
            "client": "https://github.com/wanchain/go-wanchain",
            "clientPublic": "",
            "clientDocs": "https://github.com/ethereum/wiki/wiki/JSON-RPC"
        }
    },
    {
        "id": "zcoin",
        "name": "Zcoin",
        "symbol": "XZC",
        "decimals": 8,
        "blockchain": "Bitcoin",
        "derivationPath": "m/44'/136'/0'/0/0",
        "curve": "secp256k1",
        "publicKeyType": "secp256k1",
        "p2pkhPrefix": 82,
        "p2shPrefix": 7,
        "publicKeyHasher": "sha256ripemd",
        "base58Hasher": "sha256d",
        "xpub": "xpub",
        "xprv": "xprv",
        "explorer": {
            "url": "https://explorer.zcoin.io",
            "txPath": "/tx/",
            "accountPath": "/address/"
        },
        "info": {
            "url": "https://zcoin.io",
            "client": "https://github.com/trezor/blockbook",
            "clientPublic": "",
            "clientDocs": "https://github.com/trezor/blockbook/blob/master/docs/api.md"
        }
    },
    {
        "id": "zcash",
        "name": "Zcash",
        "symbol": "ZEC",
        "decimals": 8,
        "blockchain": "Bitcoin",
        "derivationPath": "m/44'/133'/0'/0/0",
        "curve": "secp256k1",
        "publicKeyType": "secp256k1",
        "staticPrefix": 28,
        "p2pkhPrefix": 184,
        "p2shPrefix": 189,
        "publicKeyHasher": "sha256ripemd",
        "base58Hasher": "sha256d",
        "xpub": "xpub",
        "xprv": "xprv",
        "explorer": {
            "url": "https://sochain.com",
            "txPath": "/tx/ZEC/",
            "accountPath": "/address/ZEC/"
        },
        "info": {
            "url": "https://z.cash",
            "client": "https://github.com/trezor/blockbook",
            "clientPublic": "",
            "clientDocs": "https://github.com/trezor/blockbook/blob/master/docs/api.md"
        }
    },
    {
        "id": "binance",
        "name": "Binance",
        "displayName": "BNB",
        "symbol": "BNB",
        "decimals": 8,
        "blockchain": "Binance",
        "derivationPath": "m/44'/714'/0'/0/0",
        "curve": "secp256k1",
        "publicKeyType": "secp256k1",
        "hrp": "bnb",
        "explorer": {
            "url": "https://explorer.binance.org",
            "txPath": "/tx/",
            "accountPath": "/address/",
            "sampleTx": "A93625C9F9ABEA1A8E31585B30BBB16C34FAE0D172EB5B6B2F834AF077BF06BB",
            "sampleAccount": "bnb1u7jm0cll5h3224y0tapwn6gf6pr49ytewx4gsz"
        },
        "info": {
            "url": "https://binance.org",
            "client": "https://github.com/binance-chain/node-binary",
            "clientPublic": "https://dex.binance.org",
            "clientDocs": "https://docs.binance.org/api-reference/dex-api/paths.html"
        }
    },
    {
        "id": "ripple",
        "name": "XRP",
        "symbol": "XRP",
        "decimals": 6,
        "blockchain": "Ripple",
        "derivationPath": "m/44'/144'/0'/0/0",
        "curve": "secp256k1",
        "publicKeyType": "secp256k1",
        "explorer": {
            "url": "https://bithomp.com",
            "txPath": "/explorer/",
            "accountPath": "/explorer/",
            "sampleTx": "E26AB8F3372D2FC02DEC1FD5674ADAB762D684BFFDBBDF5D674E9D7CF4A47054",
            "sampleAccount": "rfkH7EuS1XcSkB9pocy1R6T8F4CsNYixYU"
        },
        "info": {
            "url": "https://ripple.com/xrp",
            "client": "https://github.com/ripple/rippled",
            "clientPublic": "https://s2.ripple.com:51234",
            "clientDocs": "https://xrpl.org/rippled-api.html"
        }
    },
    {
        "id": "tezos",
        "name": "Tezos",
        "symbol": "XTZ",
        "decimals": 6,
        "blockchain": "Tezos",
        "derivationPath": "m/44'/1729'/0'/0'",
        "curve": "ed25519",
        "publicKeyType": "ed25519",
        "explorer": {
            "url": "https://tezos.id",
            "txPath": "/",
            "accountPath": "/"
        },
        "info": {
            "url": "https://tezos.com",
            "client": "https://gitlab.com/tezos/tezos",
            "clientPublic": "https://rpc.tulip.tools/mainnet",
            "clientDocs": "https://tezos.gitlab.io/tezos/api/rpc.html"
        }
    },
    {
        "id": "nimiq",
        "name": "Nimiq",
        "symbol": "NIM",
        "decimals": 5,
        "blockchain": "Nimiq",
        "derivationPath": "m/44'/242'/0'/0'",
        "curve": "ed25519",
        "publicKeyType": "ed25519",
        "explorer": {
            "url": "https://nimiq.watch",
            "txPath": "/#",
            "accountPath": "/#"
        },
        "info": {
            "url": "https://nimiq.com",
            "client": "https://github.com/nimiq/core-rs",
            "clientPublic": "",
            "clientDocs": "https://github.com/nimiq/core-js/wiki/JSON-RPC-API"
        }
    },
    {
        "id": "stellar",
        "name": "Stellar",
        "symbol": "XLM",
        "decimals": 7,
        "blockchain": "Stellar",
        "derivationPath": "m/44'/148'/0'",
        "curve": "ed25519",
        "publicKeyType": "ed25519",
        "explorer": {
            "url": "https://stellarscan.io",
            "txPath": "/transaction/",
            "accountPath": "/account/"
        },
        "info": {
            "url": "https://stellar.org",
            "client": "https://github.com/stellar/go",
            "clientPublic": "https://horizon.stellar.org",
            "clientDocs": "https://www.stellar.org/developers/horizon/reference"
        }
    },
    {
        "id": "aion",
        "name": "Aion",
        "symbol": "AION",
        "decimals": 18,
        "blockchain": "Aion",
        "derivationPath": "m/44'/425'/0'/0'/0'",
        "curve": "ed25519",
        "publicKeyType": "ed25519",
        "explorer": {
            "url": "https://mainnet.aion.network",
            "txPath": "/#/transaction/",
            "accountPath": "/#/account/"
        },
        "info": {
            "url": "https://aion.network",
            "client": "https://github.com/aionnetwork/aion",
            "clientPublic": "",
            "clientDocs": "https://github.com/aionnetwork/aion/wiki/JSON-RPC-API-Docs"
        }
    },
    {
        "id": "cosmos",
        "name": "Cosmos",
        "symbol": "ATOM",
        "decimals": 6,
        "blockchain": "Cosmos",
        "derivationPath": "m/44'/118'/0'/0/0",
        "curve": "secp256k1",
        "publicKeyType": "secp256k1",
        "hrp": "cosmos",
        "explorer": {
            "url": "https://www.mintscan.io",
            "txPath": "/txs/",
            "accountPath": "/account/"
        },
        "info": {
            "url": "https://cosmos.network",
            "client": "https://github.com/cosmos/cosmos-sdk",
            "clientPublic": "https://stargate.cosmos.network",
            "clientDocs": "https://cosmos.network/rpc"
        }
    },
    {
        "id": "kin",
        "name": "Kin",
        "symbol": "KIN",
        "decimals": 5,
        "blockchain": "Stellar",
        "derivationPath": "m/44'/2017'/0'",
        "curve": "ed25519",
        "publicKeyType": "ed25519",
        "explorer": {
            "url": "https://www.kin.org",
            "txPath": "/blockchainInfoPage/?&dataType=public&header=Transaction&id=",
            "accountPath": "/blockchainAccount/?&dataType=public&header=accountID&id="
        },
        "info": {
            "url": "https://www.kin.org",
            "client": "https://github.com/kinecosystem/go",
            "clientPublic": "https://horizon.kinfederation.com",
            "clientDocs": "https://www.stellar.org/developers/horizon/reference"
        }
    },
    {
        "id": "nuls",
        "name": "NULS",
        "symbol": "NULS",
        "decimals": 8,
        "blockchain": "NULS",
        "derivationPath": "m/44'/8964'/0'/0/0",
        "curve": "secp256k1",
        "publicKeyType": "secp256k1",
        "explorer": {
            "url": "https://nulscan.io",
            "txPath": "/transaction/info?hash=",
            "accountPath": "/address/info?address="
        },
        "info": {
            "url": "https://nuls.io",
            "client": "https://github.com/nuls-io/nuls-v2",
            "clientPublic": "https://public1.nuls.io/",
            "clientDocs": "https://docs.nuls.io/"
        }
    },
    {
        "id": "theta",
        "name": "Theta",
        "symbol": "THETA",
        "decimals": 18,
        "blockchain": "Theta",
        "derivationPath": "m/44'/500'/0'/0/0",
        "curve": "secp256k1",
        "publicKeyType": "secp256k1Extended",
        "explorer": {
            "url": "https://explorer.thetatoken.org",
            "txPath": "/txs/",
            "accountPath": "/account/"
        },
        "info": {
            "url": "https://www.thetatoken.org",
            "client": "https://github.com/thetatoken/theta-protocol-ledger",
            "clientPublic": "",
            "clientDocs": "https://github.com/thetatoken/theta-mainnet-integration-guide/blob/master/docs/api.md#api-reference"
        }
    },
    {
        "id": "qtum",
        "name": "Qtum",
        "symbol": "QTUM",
        "decimals": 8,
        "blockchain": "Bitcoin",
        "derivationPath": "m/44'/2301'/0'/0/0",
        "curve": "secp256k1",
        "publicKeyType": "secp256k1",
        "p2pkhPrefix": 58,
        "p2shPrefix": 50,
        "hrp": "qc",
        "publicKeyHasher": "sha256ripemd",
        "base58Hasher": "sha256d",
        "xpub": "xpub",
        "xprv": "xprv",
        "explorer": {
            "url": "https://qtum.info",
            "txPath": "/tx/",
            "accountPath": "/address/"
        },
        "info": {
            "url": "https://qtum.org",
            "client": "https://github.com/trezor/blockbook",
            "clientPublic": "",
            "clientDocs": "https://github.com/trezor/blockbook/blob/master/docs/api.md"
        }
    },
    {
        "id": "bravocoin",
        "name": "BravoCoin",
        "symbol": "BRAVO",
        "decimals": 3,
        "blockchain": "EOS",
        "derivationPath": "m/44'/282'/0'/0/0",
        "curve": "secp256k1",
        "publicKeyType": "secp256k1",
        "explorer": {
            "url": "https://explorer.bravocoin.com",
            "txPath": "/txid/",
            "accountPath": "/?"
        },
        "info": {
            "url": "https://bravocoin.com",
            "client": "https://github.com/bravo-project/bravo",
            "clientPublic": "",
            "clientDocs": "https://github.com/bravo-project/bravo"
        }
    },
    {
        "id": "eos",
        "name": "EOS",
        "symbol": "EOS",
        "decimals": 4,
        "blockchain": "EOS",
        "derivationPath": "m/44'/194'/0'/0/0",
        "curve": "secp256k1",
        "publicKeyType": "secp256k1",
        "explorer": {
            "url": "https://bloks.io",
            "txPath": "/transaction/",
            "accountPath": "/account/"
        },
        "info": {
            "url": "http://eos.io",
            "client": "https://github.com/eosio/eos",
            "clientPublic": "",
            "clientDocs": "https://developers.eos.io/eosio-nodeos/reference"
        }
    },
    {
        "id": "nano",
        "name": "Nano",
        "symbol": "NANO",
        "decimals": 30,
        "blockchain": "Nano",
        "derivationPath": "m/44'/165'/0'",
        "curve": "ed25519Blake2bNano",
        "publicKeyType": "ed25519Blake2b",
        "url": "https://nano.org",
        "rpcNodeInfo": "https://github.com/nanocurrency/nano-node",
        "explorer": {
            "url": "https://nanocrawler.cc",
            "txPath": "/explorer/block/",
            "accountPath": "/explorer/account/",
            "sampleTx": "C264DB7BF40738F0CEFF19B606746CB925B713E4B8699A055699E0DC8ABBC70F",
            "sampleAccount": "nano_1wpj616kwhe1y38y1mspd8aub8i334cwybqco511iyuxm55zx8d67ptf1tsf"
        },
        "info": {
            "url": "https://nano.org",
            "client": "https://github.com/nanocurrency/nano-node",
            "clientPublic": "",
            "clientDocs": "https://docs.nano.org/commands/rpc-protocol/"
        }
    },
    {
        "id": "iotex",
        "name": "IoTeX",
        "symbol": "IOTX",
        "decimals": 18,
        "blockchain": "IoTeX",
        "hrp": "io",
        "derivationPath": "m/44'/304'/0'/0/0",
        "curve": "secp256k1",
        "publicKeyType": "secp256k1Extended",
        "explorer": {
            "url": "https://iotexscan.io",
            "txPath": "/action/",
            "accountPath": "/address/"
        },
        "info": {
            "url": "https://iotex.io",
            "client": "https://github.com/iotexproject/iotex-core",
            "clientPublic": "",
            "clientDocs": "https://docs.iotex.io/#api"
        }
    },
    {
        "id": "zilliqa",
        "name": "Zilliqa",
        "symbol": "ZIL",
        "decimals": 12,
        "blockchain": "Zilliqa",
        "derivationPath": "m/44'/313'/0'/0/0",
        "curve": "secp256k1",
        "publicKeyType": "secp256k1",
        "hrp": "zil",
        "explorer": {
            "url": "https://viewblock.io",
            "txPath": "/zilliqa/tx/",
            "accountPath": "/zilliqa/address/"
        },
        "info": {
            "url": "https://zilliqa.com",
            "client": "https://github.com/Zilliqa/Zilliqa",
            "clientPublic": "https://api.zilliqa.com",
            "clientDocs": "https://apidocs.zilliqa.com"
        }
    },
    {
        "id": "zelcash",
        "name": "Zelcash",
        "symbol": "ZEL",
        "decimals": 8,
        "blockchain": "Bitcoin",
        "derivationPath": "m/44'/19167'/0'/0/0",
        "curve": "secp256k1",
        "publicKeyType": "secp256k1",
        "staticPrefix": 28,
        "p2pkhPrefix": 184,
        "p2shPrefix": 189,
        "publicKeyHasher": "sha256ripemd",
        "base58Hasher": "sha256d",
        "xpub": "xpub",
        "xprv": "xprv",
        "explorer": {
            "url": "https://explorer.zel.cash",
            "txPath": "/tx/",
            "accountPath": "/address/"
        },
        "info": {
            "url": "https://zel.cash",
            "client": "https://github.com/trezor/blockbook",
            "clientPublic": "https://blockbook.zel.cash",
            "clientDocs": "https://github.com/trezor/blockbook/blob/master/docs/api.md"
        }
    },
    {
        "id": "ravencoin",
        "name": "Ravencoin",
        "symbol": "RVN",
        "decimals": 8,
        "blockchain": "Bitcoin",
        "derivationPath": "m/44'/175'/0'/0/0",
        "curve": "secp256k1",
        "publicKeyType": "secp256k1",
        "p2pkhPrefix": 60,
        "p2shPrefix": 122,
        "publicKeyHasher": "sha256ripemd",
        "base58Hasher": "sha256d",
        "xpub": "xpub",
        "xprv": "xprv",
        "explorer": {
            "url": "https://ravencoin.network",
            "txPath": "/tx/",
            "accountPath": "/address/"
        },
        "info": {
            "url": "https://ravencoin.org",
            "client": "https://github.com/trezor/blockbook",
            "clientPublic": "",
            "clientDocs": "https://github.com/trezor/blockbook/blob/master/docs/api.md"
        }
    },
    {
        "id": "waves",
        "name": "Waves",
        "symbol": "WAVES",
        "decimals": 8,
        "blockchain": "Waves",
        "derivationPath": "m/44'/5741564'/0'/0'/0'",
        "curve": "ed25519",
        "publicKeyType": "curve25519",
        "explorer": {
            "url": "https://wavesexplorer.com",
            "txPath": "/tx/",
            "accountPath": "/address/"
        },
        "info": {
            "url": "https://wavesplatform.com",
            "client": "https://github.com/wavesplatform/Waves",
            "clientPublic": "https://nodes.wavesnodes.com",
            "clientDocs": "https://nodes.wavesnodes.com/api-docs/index.html"
        }
    },
    {
        "id": "aeternity",
        "name": "Aeternity",
        "symbol": "AE",
        "decimals": 18,
        "blockchain": "Aeternity",
        "derivationPath": "m/44'/457'/0'/0'/0'",
        "curve": "ed25519",
        "publicKeyType": "ed25519",
        "explorer": {
            "url": "https://explorer.aepps.com",
            "txPath": "/transactions/",
            "accountPath": "/account/transactions/"
        },
        "info": {
            "url": "https://aeternity.com",
            "client": "https://github.com/aeternity/aeternity",
            "clientPublic": "https://sdk-mainnet.aepps.com",
            "clientDocs": "http://aeternity.com/api-docs/"
        }
    },
    {
        "id": "terra",
        "name": "Terra",
        "symbol": "LUNA",
        "decimals": 6,
        "blockchain": "Cosmos",
        "derivationPath": "m/44'/330'/0'/0/0",
        "curve": "secp256k1",
        "publicKeyType": "secp256k1",
        "hrp": "terra",
        "explorer": {
            "url": "https://terra.stake.id",
            "txPath": "/#/tx/",
            "accountPath": "/#/address/"
        },
        "info": {
            "url": "https://terra.money",
            "client": "https://github.com/terra-project/core",
            "clientPublic": "https://rpc.terra.dev",
            "clientDocs": "https://docs.terra.money"
        }
    },
    {
        "id": "monacoin",
        "name": "Monacoin",
        "symbol": "MONA",
        "decimals": 8,
        "blockchain": "Bitcoin",
        "derivationPath": "m/44'/22'/0'/0/0",
        "curve": "secp256k1",
        "publicKeyType": "secp256k1",
        "p2pkhPrefix": 50,
        "p2shPrefix": 55,
        "hrp": "mona",
        "publicKeyHasher": "sha256ripemd",
        "base58Hasher": "sha256d",
        "xpub": "xpub",
        "xprv": "xprv",
        "explorer": {
            "url": "https://blockbook.electrum-mona.org",
            "txPath": "/tx/",
            "accountPath": "/address/"
        },
        "info": {
            "url": "https://monacoin.org",
            "client": "https://github.com/trezor/blockbook",
            "clientPublic": "",
            "clientDocs": "https://github.com/trezor/blockbook/blob/master/docs/api.md"
        }
    },
    {
        "id": "fio",
        "name": "FIO",
        "symbol": "FIO",
        "decimals": 9,
        "blockchain": "FIO",
        "derivationPath": "m/44'/235'/0'/0/0",
        "curve": "secp256k1",
        "publicKeyType": "secp256k1",
        "url": "https://fio.foundation",
        "rpcNodeInfo": "https://fio.foundation",
        "explorer": {
            "url": "https://fio.foundation",
            "txPath": "/?",
            "accountPath": "/?"
        },
        "info": {
            "url": "https://fio.foundation",
            "client": "https://fio.foundation",
            "clientPublic": "",
            "clientDocs": "https://fio.foundation"
        }
    },
    {
        "id": "harmony",
        "name": "Harmony",
        "symbol": "ONE",
        "decimals": 18,
        "blockchain": "Harmony",
        "hrp": "one",
        "derivationPath": "m/44'/1023'/0'/0/0",
        "curve": "secp256k1",
        "publicKeyType": "secp256k1Extended",
        "explorer": {
            "url": "https://explorer.harmony.one",
            "txPath": "/#/tx/",
            "accountPath": "/#/address/"
        },
        "info": {
            "url": "https://harmony.one",
            "client": "https://github.com/harmony-one/go-sdk",
            "clientPublic": "",
            "clientDocs": "https://docs.harmony.one/home/harmony-networks/harmony-network-overview/mainnet"
        }
    },
    {
        "id": "solana",
        "name": "Solana",
        "symbol": "SOL",
        "decimals": 13,
        "blockchain": "Solana",
        "derivationPath": "m/44'/501'/0'",
        "curve": "ed25519",
        "publicKeyType": "ed25519",
        "explorer": {
            "url": "https://explorer.solana.com",
            "txPath": "/transactions/",
            "accountPath": "/accounts/"
        },
        "info": {
            "url": "https://solana.com",
            "client": "https://github.com/solana-labs/solana",
            "clientPublic": "http://api.mainnet.solana.com",
            "clientDocs": "https://solana-labs.github.io/book/"
        }
    },
    {
        "id": "near",
        "name": "NEAR",
        "symbol": "NEAR",
        "decimals": 18,
        "blockchain": "NEAR",
        "derivationPath": "m/44'/397'/0'",
        "curve": "ed25519",
        "publicKeyType": "ed25519",
        "explorer": {
            "url": "https://explorer.nearprotocol.com",
            "txPath": "/transactions/",
            "accountPath": "/accounts/"
        },
        "info": {
            "url": "https://nearprotocol.com",
            "client": "https://github.com/nearprotocol/nearcore",
            "clientPublic": "https://rpc.nearprotocol.com",
            "clientDocs": "https://docs.nearprotocol.com"
        }
    },
    {
        "id": "algorand",
        "name": "Algorand",
        "symbol": "ALGO",
        "decimals": 6,
        "blockchain": "Algorand",
        "derivationPath": "m/44'/283'/0'/0'/0'",
        "curve": "ed25519",
        "publicKeyType": "ed25519",
        "explorer": {
            "url": "https://algoexplorer.io",
            "txPath": "/tx/",
            "accountPath": "/address/",
            "sampleTx": "CR7POXFTYDLC7TV3IXHA7AZKWABUJC52BACLHJQNXAKZJGRPQY3A",
            "sampleAccount": "J4AEINCSSLDA7LNBNWM4ZXFCTLTOZT5LG3F5BLMFPJYGFWVCMU37EZI2AM"
        },
        "info": {
            "url": "https://www.algorand.com/",
            "client": "https://github.com/algorand/go-algorand",
            "clientPublic": "https://indexer.algorand.network",
            "clientDocs": "https://developer.algorand.org/docs/algod-rest-paths"
        }
    },
    {
        "id": "ton",
        "name": "TON",
        "symbol": "GRAM",
        "decimals": 9,
        "blockchain": "TON",
        "derivationPath": "m/44'/396'/0'",
        "curve": "ed25519",
        "publicKeyType": "ed25519",
        "explorer": {
            "url": "https://test.ton.org",
            "txPath": "/testnet/transaction?hash=",
            "accountPath": "/testnet/account?account="
        },
        "info": {
            "url": "https://test.ton.org",
            "client": "https://github.com/ton-blockchain/ton",
            "clientPublic": "",
            "clientDocs": "https://test.ton.org/"
        }
    },
    {
        "id": "kusama",
        "name": "Kusama",
        "symbol": "KSM",
        "decimals": 12,
        "blockchain": "Polkadot",
        "derivationPath": "m/44'/434'/0'",
        "curve": "ed25519",
        "publicKeyType": "ed25519",
        "explorer": {
            "url": "https://kusama.subscan.io",
            "txPath": "/extrinsic/",
            "accountPath": "/account/",
            "sampleTx": "0xcbe0c2e2851c1245bedaae4d52f06eaa6b4784b786bea2f0bff11af7715973dd",
            "sampleAccount": "DbCNECPna3k6MXFWWNZa5jGsuWycqEE6zcUxZYkxhVofrFk"
        },
        "info": {
            "url": "https://kusama.network",
            "client": "https://github.com/paritytech/polkadot",
            "clientPublic": "wss://kusama-rpc.polkadot.io/",
            "clientDocs": "https://polkadot.js.org/api/substrate/rpc.html"
        }
    },
    {
        "id": "polkadot",
        "name": "Polkadot",
        "symbol": "DOT",
        "decimals": 15,
        "blockchain": "Polkadot",
        "derivationPath": "m/44'/354'/0'",
        "curve": "ed25519",
        "publicKeyType": "ed25519",
        "explorer": {
            "url": "https://polkadot.subscan.io",
            "txPath": "/extrinsic/",
            "accountPath": "/account/"
        },
        "info": {
            "url": "https://polkadot.network/",
            "client": "https://github.com/paritytech/polkadot",
            "clientPublic": "",
            "clientDocs": "https://polkadot.js.org/api/substrate/rpc.html"
        }
    },
    {
        "id": "kava",
        "name": "Kava",
        "symbol": "KAVA",
        "decimals": 6,
        "blockchain": "Cosmos",
        "derivationPath": "m/44'/459'/0'/0/0",
        "curve": "secp256k1",
        "publicKeyType": "secp256k1",
        "hrp": "kava",
        "explorer": {
            "url": "https://kava.mintscan.io",
            "txPath": "/txs/",
            "accountPath": "/account/",
            "sampleTx": "2988DF83FCBFAA38179D583A96734CBD071541D6768221BB23111BC8136D5E6A",
            "sampleAccount": "kava1jf9aaj9myrzsnmpdr7twecnaftzmku2mdpy2a7"
        },
        "info": {
            "url": "https://kava.io",
            "client": "https://github.com/kava-labs/kava",
            "clientPublic": "https://data.kava.io",
            "clientDocs": "https://rpc.kava.io"
        }
    },
    {
        "id": "cardano",
        "name": "Cardano",
        "symbol": "ADA",
        "decimals": 6,
        "blockchain": "Cardano",
        "derivationPath": "m/44'/1815'/0'/0/0",
        "curve": "ed25519Extended",
        "publicKeyType": "ed25519Extended",
        "explorer": {
            "url": "https://cardanoexplorer.com",
            "txPath": "/tx/",
            "accountPath": "/address/",
            "sampleTx": "b7a6c5cadab0f64bdc89c77ee4a351463aba5c33f2cef6bbd6542a74a90a3af3",
            "sampleAccount": "DdzFFzCqrhstpwKc8WMvPwwBb5oabcTW9zc5ykA37wJR4tYQucvsR9dXb2kEGNXkFJz2PtrpzfRiZkx8R1iNo8NYqdsukVmv7EAybFwC"
        },
        "info": {
            "url": "https://www.cardano.org",
            "client": "https://github.com/input-output-hk/cardano-sl",
            "clientPublic": "",
            "clientDocs": "https://cardanodocs.com/introduction/"
        }
    }
]
